{
  "project": "2_YZM304-CNN-Image-Classification",
  "data": {
    "dataset": "sklearn.datasets.load_digits",
    "image_shape": [
      1,
      8,
      8
    ],
    "classes": 10,
    "samples_total": 1797,
    "train_samples_for_cnn": 1149,
    "val_samples_for_cnn": 288,
    "trainval_samples_for_hybrid": 1437,
    "test_samples": 360,
    "normalization_mean_from_train": 0.30611878633499146,
    "normalization_std_from_train": 0.3765529692173004,
    "config": {
      "batch_size": 64,
      "epochs": 18,
      "learning_rate": 0.001,
      "optimizer": "Adam",
      "loss": "CrossEntropyLoss",
      "random_state": 42
    },
    "feature_shapes": {
      "train_features_shape": [
        1437,
        64
      ],
      "train_labels_shape": [
        1437
      ],
      "test_features_shape": [
        360,
        64
      ],
      "test_labels_shape": [
        360
      ],
      "feature_source": "improved_batchnorm_dropout_cnn.extract_features"
    }
  },
  "results": [
    {
      "model": "lenet_like_cnn",
      "kind": "CNN",
      "test_accuracy": 0.9305555555555556,
      "test_precision_macro": 0.9372093522093522,
      "test_recall_macro": 0.9298369798369798,
      "test_f1_macro": 0.9298982469839092,
      "trainable_parameters": 5750
    },
    {
      "model": "improved_batchnorm_dropout_cnn",
      "kind": "CNN",
      "test_accuracy": 0.9666666666666667,
      "test_precision_macro": 0.9684856371698476,
      "test_recall_macro": 0.9662655512655514,
      "test_f1_macro": 0.9660608366815489,
      "trainable_parameters": 5794
    },
    {
      "model": "vgg_style_small_cnn",
      "kind": "CNN",
      "test_accuracy": 0.9583333333333334,
      "test_precision_macro": 0.957679389916232,
      "test_recall_macro": 0.957777777777778,
      "test_f1_macro": 0.9572449587001552,
      "trainable_parameters": 29722
    },
    {
      "model": "hybrid_improved_cnn_features_svc",
      "kind": "CNN features + SVC",
      "test_accuracy": 0.975,
      "test_precision_macro": 0.9751188988031092,
      "test_recall_macro": 0.9747619047619047,
      "test_f1_macro": 0.974705934775994,
      "trainable_parameters": 0
    }
  ],
  "histories": {
    "lenet_like_cnn": {
      "train_loss": [
        2.2765638838652635,
        2.175530153528517,
        1.943851510372444,
        1.5582057720064806,
        1.1212521876533514,
        0.8050572509553974,
        0.644524037578606,
        0.5241195392204016,
        0.45782202993194576,
        0.4051193738886333,
        0.366830721614255,
        0.33167175400039234,
        0.2939943338706246,
        0.26135942622617186,
        0.23915164607104475,
        0.22759691776920132,
        0.20515771032520955,
        0.1858859063621393
      ],
      "val_loss": [
        2.2345277998182507,
        2.083121379216512,
        1.75901022222307,
        1.3144329256481595,
        0.8971293105019463,
        0.6622730758455064,
        0.5171838601430258,
        0.44645557138654923,
        0.3676007886727651,
        0.3453431957297855,
        0.3071828815672133,
        0.27696845928827923,
        0.24327419201533,
        0.22485310832659403,
        0.23730801211463082,
        0.19860908223523033,
        0.17885152167744106,
        0.18419585790899065
      ],
      "val_accuracy": [
        0.22916666666666666,
        0.4479166666666667,
        0.6458333333333334,
        0.7152777777777778,
        0.8263888888888888,
        0.8194444444444444,
        0.8645833333333334,
        0.9027777777777778,
        0.9201388888888888,
        0.9097222222222222,
        0.9097222222222222,
        0.9409722222222222,
        0.9340277777777778,
        0.9479166666666666,
        0.9409722222222222,
        0.9444444444444444,
        0.9513888888888888,
        0.9409722222222222
      ]
    },
    "improved_batchnorm_dropout_cnn": {
      "train_loss": [
        2.193090737021623,
        1.9228059304497156,
        1.586001781923445,
        1.2563536904810615,
        0.9797524452935726,
        0.773722363721816,
        0.6328781390833378,
        0.527652483047663,
        0.4261766059747253,
        0.367626568459759,
        0.33390027065449324,
        0.2899054329197131,
        0.2504839760723894,
        0.2210104884117764,
        0.21825178836458553,
        0.19041012431145543,
        0.14975046719853208,
        0.15632176479637572
      ],
      "val_loss": [
        2.1340955363379583,
        1.7630830076005723,
        1.3406295379002888,
        0.9999972184499105,
        0.7457045316696167,
        0.5608158906300863,
        0.44790390464994645,
        0.3653235501713223,
        0.2962733374701606,
        0.2560356855392456,
        0.21793481542004478,
        0.19508347908655801,
        0.17264452245500353,
        0.1611138251092699,
        0.15224904318650564,
        0.13065467774868011,
        0.12587080399195352,
        0.12363017598787944
      ],
      "val_accuracy": [
        0.4895833333333333,
        0.6944444444444444,
        0.8020833333333334,
        0.8506944444444444,
        0.8958333333333334,
        0.9166666666666666,
        0.9201388888888888,
        0.9236111111111112,
        0.9375,
        0.9409722222222222,
        0.9548611111111112,
        0.9583333333333334,
        0.9618055555555556,
        0.9618055555555556,
        0.9618055555555556,
        0.9756944444444444,
        0.96875,
        0.96875
      ]
    },
    "vgg_style_small_cnn": {
      "train_loss": [
        2.2772974596529862,
        1.9027316694782546,
        0.9055331850487632,
        0.5556785088191352,
        0.4207532074111145,
        0.32547115838662555,
        0.27010747026473775,
        0.2088935840534479,
        0.19002160645236754,
        0.17709689754003852,
        0.1692939344388283,
        0.12804863145420922,
        0.15741609665909675,
        0.13092770572067655,
        0.09933120306675283,
        0.08174019602586956,
        0.07013714723645655,
        0.06032392386188187
      ],
      "val_loss": [
        2.2066019905938044,
        1.3501201338238187,
        0.6155994865629408,
        0.5104855431450738,
        0.35626989271905685,
        0.375332064098782,
        0.2786862419711219,
        0.24145298533969456,
        0.2550714992814594,
        0.23897866739167106,
        0.19870083199607003,
        0.2742110225889418,
        0.2008998692035675,
        0.2076902687549591,
        0.15589419338438246,
        0.18167574372556475,
        0.1690755875574218,
        0.13461920701795155
      ],
      "val_accuracy": [
        0.2465277777777778,
        0.6631944444444444,
        0.8159722222222222,
        0.8263888888888888,
        0.8993055555555556,
        0.875,
        0.8958333333333334,
        0.9131944444444444,
        0.9236111111111112,
        0.9444444444444444,
        0.9201388888888888,
        0.9236111111111112,
        0.9340277777777778,
        0.9513888888888888,
        0.9583333333333334,
        0.9444444444444444,
        0.9444444444444444,
        0.9583333333333334
      ]
    }
  }
}